,App,Category
0,Coloring book moana,ART_AND_DESIGN
1,Garden Coloring Book,ART_AND_DESIGN
2,3D Color Pixel by Number - Sandbox Art Coloring,ART_AND_DESIGN
3,FlipaClip - Cartoon animation,ART_AND_DESIGN
4,Boys Photo Editor - Six Pack & Men's Suit,ART_AND_DESIGN
5,Colorfit - Drawing & Coloring,ART_AND_DESIGN
6,Animated Photo Editor,ART_AND_DESIGN
7,Anime Manga Coloring Book,ART_AND_DESIGN
8,Easy Origami Ideas,ART_AND_DESIGN
9,Floor Plan Creator,ART_AND_DESIGN
10,Drawing Clothes Fashion Ideas,ART_AND_DESIGN
11,"Canva: Poster, banner, card maker & graphic design",ART_AND_DESIGN
12,CDL Practice Test 2018 Edition,AUTO_AND_VEHICLES
13,Free VIN Report for Used Cars,AUTO_AND_VEHICLES
14,DMV Permit Practice Test 2018 Edition,AUTO_AND_VEHICLES
15,"Android Auto - Maps, Media, Messaging & Voice",AUTO_AND_VEHICLES
16,Best Car Wallpapers,AUTO_AND_VEHICLES
17,CarMax ‚Äì Cars for Sale: Search Used Car Inventory,AUTO_AND_VEHICLES
18,BEST CAR SOUNDS,AUTO_AND_VEHICLES
19,AutoScout24 Switzerland ‚Äì Find your new car,AUTO_AND_VEHICLES
20,Fuelio: Gas log & costs,AUTO_AND_VEHICLES
21,"BestCam Selfie-selfie, beauty camera, photo editor",BEAUTY
22,Beauty Selfie Camera,BEAUTY
23,Hairstyles step by step,BEAUTY
24,Filters for Selfie,BEAUTY
25,Beauty Camera - Selfie Camera,BEAUTY
26,Girls Hairstyles,BEAUTY
27,Filters for B Live,BEAUTY
28,Dresses Ideas & Fashions +3000,BEAUTY
29,Amazon Kindle,BOOKS_AND_REFERENCE
30,Cool Reader,BOOKS_AND_REFERENCE
31,Dictionary - Merriam-Webster,BOOKS_AND_REFERENCE
32,Free Panda Radio Music,BOOKS_AND_REFERENCE
33,FBReader: Favorite Book Reader,BOOKS_AND_REFERENCE
34,English Grammar Complete Handbook,BOOKS_AND_REFERENCE
35,Free Books - Spirit Fanfiction and Stories,BOOKS_AND_REFERENCE
36,Google Play Books,BOOKS_AND_REFERENCE
37,AlReader -any text book reader,BOOKS_AND_REFERENCE
38,FamilySearch Tree,BOOKS_AND_REFERENCE
39,Ebook Reader,BOOKS_AND_REFERENCE
40,English to Urdu Dictionary,BOOKS_AND_REFERENCE
41,English Persian Dictionary,BOOKS_AND_REFERENCE
42,All Maths Formulas,BOOKS_AND_REFERENCE
43,Ancestry,BOOKS_AND_REFERENCE
44,HTC Help,BOOKS_AND_REFERENCE
45,Free Book Reader,BOOKS_AND_REFERENCE
46,English-Myanmar Dictionary,BOOKS_AND_REFERENCE
47,Golden Dictionary (EN-AR),BOOKS_AND_REFERENCE
48,All Language Translator Free,BOOKS_AND_REFERENCE
49,Azpen eReader,BOOKS_AND_REFERENCE
50,English Dictionary - Offline,BOOKS_AND_REFERENCE
51,ADP Mobile Solutions,BUSINESS
52,Docs To Go‚Ñ¢ Free Office Suite,BUSINESS
53,Google My Business,BUSINESS
54,Curriculum vitae App CV Builder Free Resume Maker,BUSINESS
55,Google Primer,BUSINESS
56,Facebook Pages Manager,BUSINESS
57,Box,BUSINESS
58,Call Blocker,BUSINESS
59,Easy Installer - Apps On SD,BUSINESS
60,Facebook Ads Manager,BUSINESS
61,Genius Scan - PDF Scanner,BUSINESS
62,Fast Scanner : Free PDF Scan,BUSINESS
63,Google Ads,BUSINESS
64,FreshBooks Classic,BUSINESS
65,HipChat - Chat Built for Teams,BUSINESS
66,Crew - Free Messaging and Scheduling,BUSINESS
67,Asana: organize team projects,BUSINESS
68,Google Analytics,BUSINESS
69,AdWords Express,BUSINESS
70,Accounting App - Zoho Books,BUSINESS
71,Cisco Webex Meetings,BUSINESS
72,Cisco Webex Teams,BUSINESS
73,ClickMeeting Webinars,BUSINESS
74,BlueJeans for Android,BUSINESS
75,Daily Manga - Comic & Webtoon,COMICS
76,Emmanuella Funny Videos 2018,COMICS
77,DC Comics,COMICS
78,Faustop Sounds,COMICS
79,"Best Wallpapers Backgrounds(100,000+ 4K HD)",COMICS
80,Google Chrome: Fast & Secure,COMMUNICATION
81,Gmail,COMMUNICATION
82,Hangouts,COMMUNICATION
83,Firefox Browser fast & private,COMMUNICATION
84,Contacts,COMMUNICATION
85,Call Free ‚Äì Free Call,COMMUNICATION
86,Browser 4G,COMMUNICATION
87,Cricket Visual Voicemail,COMMUNICATION
88,Firefox Focus: The privacy browser,COMMUNICATION
89,Google Voice,COMMUNICATION
90,Chrome Dev,COMMUNICATION
91,Android Messages,COMMUNICATION
92,Google Duo - High Quality Video Calls,COMMUNICATION
93,AT&T Visual Voicemail,COMMUNICATION
94,GMX Mail,COMMUNICATION
95,Hangouts Dialer - Call Phones,COMMUNICATION
96,Calls & Text by Mo+,COMMUNICATION
97,"GO SMS Pro - Messenger, Free Themes, Emoji",COMMUNICATION
98,Glide - Video Chat Messenger,COMMUNICATION
99,Google Allo,COMMUNICATION
100,GroupMe,COMMUNICATION
101,BBM - Free Calls & Messages,COMMUNICATION
102,2ndLine - Second Phone Number,COMMUNICATION
103,"CM Browser - Ad Blocker , Fast Download , Privacy",COMMUNICATION
104,"Dolphin Browser - Fast, Private & Adblocküê¨",COMMUNICATION
105,Ghostery Privacy Browser,COMMUNICATION
106,DU Browser‚ÄîBrowse fast & fun,COMMUNICATION
107,Contacts+,COMMUNICATION
108,ExDialer - Dialer & Contacts,COMMUNICATION
109,Full Screen Caller ID,COMMUNICATION
110,Hiya - Caller ID & Block,COMMUNICATION
111,"CallApp: Caller ID, Blocker & Phone Call Recorder",COMMUNICATION
112,CIA - Caller ID & Call Blocker,COMMUNICATION
113,Calls Blacklist - Call Blocker,COMMUNICATION
114,Call Control - Call Blocker,COMMUNICATION
115,Burner - Free Phone Number,COMMUNICATION
116,Caller ID +,COMMUNICATION
117,Email TypeApp - Mail App,COMMUNICATION
118,All Email Providers,COMMUNICATION
119,GO Notifier,COMMUNICATION
120,Calculator,DATING
121,"Hily: Dating, Chat, Match, Meet & Hook up",DATING
122,Hinge: Dating & Relationships,DATING
123,Casual Dating & Adult Singles - Joyride,DATING
124,BBW Dating & Plus Size Chat,DATING
125,CMB Free Dating App,DATING
126,Hot or Not - Find someone right now,DATING
127,Free Dating App & Flirt Chat - Match with Singles,DATING
128,"Chispa, the Dating App for Latino, Latina Singles",DATING
129,Clover Dating App,DATING
130,Black People Meet Singles Date,DATING
131,Free Dating App & Flirt Chat - Cheers,DATING
132,"Blendr - Chat, Flirt & Meet",DATING
133,Free Dating Hook Up Messenger,DATING
134,Find Real Love ‚Äî YouLove Premium Dating,DATING
135,BLK - Swipe. Match. Chat.,DATING
136,Cougar Dating Life : Date Older Women Sugar Mummy,DATING
137,Free Dating & Flirt Chat - Choice of Love,DATING
138,BeWild Free Dating & Chat App,DATING
139,"FastMeet: Chat, Dating, Love",DATING
140,"Free Dating App - YoCutie - Flirt, Chat & Meet",DATING
141,FarmersOnly Dating,DATING
142,Dating for 50 plus Mature Singles ‚Äì FINALLY,DATING
143,Christian Dating For Free App,DATING
144,EliteSingles ‚Äì Dating for Single Professionals,DATING
145,"Hide App, Private Dating, Safe Chat - PrivacyHider",DATING
146,Free Dating App - Meet Local Singles - Flirt Chat,DATING
147,"Chat Rooms, Avatars, Date - Galaxy",DATING
148,Adult Dating - AdultFinder,DATING
149,Gay Sugar Daddy Dating & Hookup ‚Äì Sudy Gay,DATING
150,BBWCupid - BBW Dating App,DATING
151,ChatVideo Meet new people,DATING
152,Black White Interracial Dating - Interracial Match,DATING
153,FlirtChat - ‚ô•Free Dating/Flirting App‚ô•,DATING
154,"Herpes Dating: 1,000K+ Singles",DATING
155,95Live -SG#1 Live Streaming App,DATING
156,2RedBeans,DATING
157,"BiggerCity: Chat for gay bears, chubs & chasers",DATING
158,Herpes Positive Singles Dating,DATING
159,Glam - Premium Dating App,DATING
160,BBW Dating & Curvy Singles Chat- LargeFriends,DATING
161,Hitwe - meet people and chat,DATING
162,FERZU - Furries Social Network,DATING
163,Girls Live Chat - Free Text & Video Chat,DATING
164,FREE LIVE TALK,DATING
165,"2Date Dating App, Love and matching",DATING
166,Girls Online Talk - Free Text and Video Chat,DATING
167,Free Live Talk-Video Call,DATING
168,Duolingo: Learn Languages Free,EDUCATION
169,English Grammar Test,EDUCATION
170,Babbel ‚Äì Learn Languages,EDUCATION
171,Game for KIDS: KIDS match'em,EDUCATION
172,Flippy Campus - Buy & sell on campus at a discount,EDUCATION
173,ABC Preschool Free,EDUCATION
174,English with Lingualeo,EDUCATION
175,Coursera: Online courses,EDUCATION
176,Elevate - Brain Training Games,EDUCATION
177,Brilliant,EDUCATION
178,CppDroid - C/C++ IDE,EDUCATION
179,C++ Tutorials,EDUCATION
180,C++ Programming,EDUCATION
181,C Programming,EDUCATION
182,GMAT Question Bank,EDUCATION
183,GRE Tutor,EDUCATION
184,GRE Flashcards,EDUCATION
185,GMAT Math Flashcards,EDUCATION
186,GRE Prep & Practice by Magoosh,EDUCATION
187,Google Classroom,EDUCATION
188,Babbel ‚Äì Learn Spanish,EDUCATION
189,HomeWork,EDUCATION
190,Common Core,EDUCATION
191,Homework Planner,EDUCATION
192,Edmodo,EDUCATION
193,ClassDojo,EDUCATION
194,"HelloTalk ‚Äî Chat, Speak & Learn Foreign Languages",EDUCATION
195,Chegg Study - Homework Help,EDUCATION
196,Canvas Student,EDUCATION
197,EasyBib: Citation Generator,EDUCATION
198,Blinkist - Nonfiction Books,EDUCATION
199,Google Play Games,ENTERTAINMENT
200,Hotstar,ENTERTAINMENT
201,H TV,ENTERTAINMENT
202,DStv Now,ENTERTAINMENT
203,Girly Lock Screen Wallpaper with Quotes,ENTERTAINMENT
204,BBC Media Player,ENTERTAINMENT
205,Amazon Prime Video,ENTERTAINMENT
206,Adult Glitter Color by Number Book - Sandbox Pages,ENTERTAINMENT
207,Cinemark Theatres,ENTERTAINMENT
208,Fandango Movies - Times + Tickets,ENTERTAINMENT
209,Harkins Theatres,ENTERTAINMENT
210,AMC Theatres,ENTERTAINMENT
211,Food Network,ENTERTAINMENT
212,Cooking Channel,ENTERTAINMENT
213,Animal Planet GO,ENTERTAINMENT
214,DramaFever: Stream Asian Drama Shows & Movies,ENTERTAINMENT
215,Crunchyroll - Everything Anime,ENTERTAINMENT
216,Crackle - Free TV & Movies,ENTERTAINMENT
217,CBS - Full Episodes & Live TV,ENTERTAINMENT
218,Acorn TV: World-class TV from Britain and Beyond,ENTERTAINMENT
219,HISTORY: Watch TV Show Full Episodes & Specials,ENTERTAINMENT
220,FOX NOW - On Demand & Live TV,ENTERTAINMENT
221,A&E - Watch Full Episodes of TV Shows,ENTERTAINMENT
222,BET NOW - Watch Shows,ENTERTAINMENT
223,HBO NOW: Stream TV & Movies,ENTERTAINMENT
224,Comedy Central,ENTERTAINMENT
225,CW Seed,ENTERTAINMENT
226,HBO GO: Stream with TV Package,ENTERTAINMENT
227,FOX,ENTERTAINMENT
228,Hamilton ‚Äî The Official App,ENTERTAINMENT
229,Funny Pics,ENTERTAINMENT
230,Funny Quotes Free,ENTERTAINMENT
231,Colorfy: Coloring Book for Adults - Free,ENTERTAINMENT
232,All Events in City,EVENTS
233,Fever,EVENTS
234,DroidAdmin for Android - Advice,EVENTS
235,Happy Birthday Songs Offline,EVENTS
236,"Gametime - Tickets to Sports, Concerts, Theater",EVENTS
237,Events High - Meet Your City!,EVENTS
238,Goldstar: Live Event Tickets,EVENTS
239,Citibanamex Movil,FINANCE
240,Capitec Remote Banking,FINANCE
241,Cash App,FINANCE
242,Bualuang mBanking,FINANCE
243,BBVA Spain,FINANCE
244,Ecobank Mobile Banking,FINANCE
245,Banorte Movil,FINANCE
246,Credit Karma,FINANCE
247,BZWBK24 mobile,FINANCE
248,Capital One¬Æ Mobile,FINANCE
249,"GCash - Buy Load, Pay Bills, Send Money",FINANCE
250,Google Pay,FINANCE
251,"Even - organize your money, get paid early",FINANCE
252,Digit Save Money Automatically,FINANCE
253,Acorns - Invest Spare Change,FINANCE
254,Expense IQ Money Manager,FINANCE
255,Chime - Mobile Banking,FINANCE
256,Bluebird by American Express,FINANCE
257,Experian - Free Credit Report,FINANCE
258,Branch,FINANCE
259,CreditWise from Capital One,FINANCE
260,Credit Sesame,FINANCE
261,Fresh EBT - Food Stamp Balance,FINANCE
262,Everlance: Free Mileage Log,FINANCE
263,FREE Stock Market Trading Tips,FINANCE
264,CNBC: Breaking Business News & Live Market Data,FINANCE
265,Bloomberg Professional,FINANCE
266,E*TRADE Mobile,FINANCE
267,Fox Business,FINANCE
268,Current debit card and app made for teens,FINANCE
269,Betterment,FINANCE
270,Citizens Bank Mobile Banking,FINANCE
271,GoBank,FINANCE
272,BBVA Compass Banking,FINANCE
273,BankMobile Vibe App,FINANCE
274,ACE Elite,FINANCE
275,Associated Credit Union Mobile,FINANCE
276,Bank of America Mobile Banking,FINANCE
277,Discover Mobile,FINANCE
278,Amex Mobile,FINANCE
279,Citi Mobile¬Æ,FINANCE
280,Chase Mobile,FINANCE
281,HDFC Bank MobileBanking,FINANCE
282,Barclays US for Android,FINANCE
283,Easy Recipes,FOOD_AND_DRINK
284,Debonairs Pizza,FOOD_AND_DRINK
285,Dunkin' Donuts,FOOD_AND_DRINK
286,Grubhub: Food Delivery,FOOD_AND_DRINK
287,Chick-fil-A,FOOD_AND_DRINK
288,Domino's Pizza USA,FOOD_AND_DRINK
289,Dairy Queen,FOOD_AND_DRINK
290,Healthy Recipes Free,FOOD_AND_DRINK
291,Cookbook Recipes,FOOD_AND_DRINK
292,ChefTap Recipes & Grocery List,FOOD_AND_DRINK
293,Easy Healthy Recipes,FOOD_AND_DRINK
294,Allrecipes Dinner Spinner,FOOD_AND_DRINK
295,Cookpad,FOOD_AND_DRINK
296,"BigOven Recipes, Meal Planner, Grocery List & More",FOOD_AND_DRINK
297,Foursquare City Guide,FOOD_AND_DRINK
298,Eat24 Food Delivery & Takeout,FOOD_AND_DRINK
299,BeyondMenu Food Delivery,FOOD_AND_DRINK
300,EatStreet Food Delivery App,FOOD_AND_DRINK
301,Caviar - Food Delivery,FOOD_AND_DRINK
302,DoorDash - Food Delivery,FOOD_AND_DRINK
303,Home Workout - No Equipment,HEALTH_AND_FITNESS
304,30 Day Fitness Challenge - Workout at Home,HEALTH_AND_FITNESS
305,Home Workout for Men - Bodybuilding,HEALTH_AND_FITNESS
306,Fat Burning Workout - Home Weight lose,HEALTH_AND_FITNESS
307,Fitbit,HEALTH_AND_FITNESS
308,Cycling - Bike Tracker,HEALTH_AND_FITNESS
309,Abs Training-Burn belly fat,HEALTH_AND_FITNESS
310,Calorie Counter - EasyFit free,HEALTH_AND_FITNESS
311,Garmin Connect‚Ñ¢,HEALTH_AND_FITNESS
312,BetterMe: Weight Loss Workouts,HEALTH_AND_FITNESS
313,Bike Computer - GPS Cycling Tracker,HEALTH_AND_FITNESS
314,Calorie Counter - MyFitnessPal,HEALTH_AND_FITNESS
315,Endomondo - Running & Walking,HEALTH_AND_FITNESS
316,8fit Workouts & Meal Planner,HEALTH_AND_FITNESS
317,Couch to 10K Running Trainer,HEALTH_AND_FITNESS
318,"Home workouts - fat burning, abs, legs, arms,chest",HEALTH_AND_FITNESS
319,"Fabulous: Motivate Me! Meditate, Relax, Sleep",HEALTH_AND_FITNESS
320,7 Minute Workout,HEALTH_AND_FITNESS
321,Freeletics: Personal Trainer & Fitness Workouts,HEALTH_AND_FITNESS
322,Fitbit Coach,HEALTH_AND_FITNESS
323,Daily Workouts - Exercise Fitness Routine Trainer,HEALTH_AND_FITNESS
324,Google Fit - Fitness Tracking,HEALTH_AND_FITNESS
325,Daily Yoga - Yoga Fitness Plans,HEALTH_AND_FITNESS
326,Free Meditation - Take a Break,HEALTH_AND_FITNESS
327,Down Dog: Great Yoga Anywhere,HEALTH_AND_FITNESS
328,21-Day Meditation Experience,HEALTH_AND_FITNESS
329,"Calm - Meditate, Sleep, Relax",HEALTH_AND_FITNESS
330,Headspace: Meditation & Mindfulness,HEALTH_AND_FITNESS
331,Best Ovulation Tracker Fertility Calendar App Glow,HEALTH_AND_FITNESS
332,"Eve Period Tracker - Love, Sex & Relationships App",HEALTH_AND_FITNESS
333,Fertility Friend Ovulation App,HEALTH_AND_FITNESS
334,Geocaching¬Æ,HEALTH_AND_FITNESS
335,"AllTrails: Hiking, Running & Mountain Bike Trails",HEALTH_AND_FITNESS
336,Couch to 5K by RunDouble,HEALTH_AND_FITNESS
337,Fooducate Healthy Weight Loss & Calorie Counter,HEALTH_AND_FITNESS
338,Calorie Counter - MyNetDiary,HEALTH_AND_FITNESS
339,10 Best Foods for You,HEALTH_AND_FITNESS
340,Calorie Counter - Macros,HEALTH_AND_FITNESS
341,Calorie Counter by FatSecret,HEALTH_AND_FITNESS
342,Health and Nutrition Guide,HEALTH_AND_FITNESS
343,Calorie Counter & Diet Tracker,HEALTH_AND_FITNESS
344,Food Calorie Calculator,HEALTH_AND_FITNESS
345,Eat Fit - Diet and Health Free,HEALTH_AND_FITNESS
346,Happify,HEALTH_AND_FITNESS
347,Binaural Beats Therapy,HEALTH_AND_FITNESS
348,Brain Waves - Binaural Beats,HEALTH_AND_FITNESS
349,7 Cups: Anxiety & Stress Chat,HEALTH_AND_FITNESS
350,Apartments & Rentals - Zillow,HOUSE_AND_HOME
351,"Homes.com üè† For Sale, Rent",HOUSE_AND_HOME
352,Houzz Interior Design Ideas,HOUSE_AND_HOME
353,"Apartment List: Housing, Apt, and Property Rentals",HOUSE_AND_HOME
354,Gold Butterfly Keyboard Theme,HOUSE_AND_HOME
355,"Apartment, Home Rental Search: Realtor.com Rentals",HOUSE_AND_HOME
356,DaBang - Rental Homes in Korea,HOUSE_AND_HOME
357,DIY On A Budget,HOUSE_AND_HOME
358,Free Foreclosure Real Estate Search by USHUD.com,HOUSE_AND_HOME
359,Home Security Camera WardenCam - reuse old phones,HOUSE_AND_HOME
360,Apartments.com Rental Search,HOUSE_AND_HOME
361,Hemnet,HOUSE_AND_HOME
362,Alfred Home Security Camera,HOUSE_AND_HOME
363,Home Decor Showpiece Art making: Medium Difficulty,HOUSE_AND_HOME
364,ColorSnap¬Æ Visualizer,HOUSE_AND_HOME
365,Apartment Decorating Ideas,HOUSE_AND_HOME
366,Bedroom Decorating Ideas,HOUSE_AND_HOME
367,Bathroom Decorating Ideas,HOUSE_AND_HOME
368,Homesnap Real Estate & Rentals,HOUSE_AND_HOME
369,Best New Ringtones 2018 Free üî• For Android‚Ñ¢,LIBRARIES_AND_DEMO
370,Aviary Effects: Classic,LIBRARIES_AND_DEMO
371,Chakra Cleansing,LIBRARIES_AND_DEMO
372,Aviary Stickers: Free Pack,LIBRARIES_AND_DEMO
373,Binaural Beats Meditation,LIBRARIES_AND_DEMO
374,Essential Resources,LIBRARIES_AND_DEMO
375,Cardboard,LIBRARIES_AND_DEMO
376,Apk Installer,LIBRARIES_AND_DEMO
377,Cool Popular Ringtones 2018 üî•,LIBRARIES_AND_DEMO
378,Blackpink as if it's your last,LIBRARIES_AND_DEMO
379,Barcode Scanner,LIBRARIES_AND_DEMO
380,EyeCloud,LIBRARIES_AND_DEMO
381,Dollhouse Decorating Games,LIFESTYLE
382,Easy Hair Style Design,LIFESTYLE
383,"Black Wallpaper, AMOLED, Dark Background: Darkify",LIFESTYLE
384,Girly Wallpapers Backgrounds,LIFESTYLE
385,Easy Makeup Tutorials,LIFESTYLE
386,Horoscopes ‚Äì Daily Zodiac Horoscope and Astrology,LIFESTYLE
387,Entel,LIFESTYLE
388,Diary with lock,LIFESTYLE
389,FOSSIL Q: DESIGN YOUR DIAL,LIFESTYLE
390,Family Locator - GPS Tracker,LIFESTYLE
391,HTC Speak,LIFESTYLE
392,H&M,LIFESTYLE
393,Anime Avatar Creator: Make Your Own Avatar,LIFESTYLE
394,Beautiful Design Birthday Cake,LIFESTYLE
395,H Pack,LIFESTYLE
396,Galaxy Gift,LIFESTYLE
397,Fashion in Vogue,LIFESTYLE
398,Big Days - Events Countdown,LIFESTYLE
399,Been Together (Ad) - D-day,LIFESTYLE
400,DIY Garden Ideas,LIFESTYLE
401,Brit + Co,LIFESTYLE
402,Creative Ideas - DIY & Craft,LIFESTYLE
403,Homestyler Interior Design & Decorating Ideas,LIFESTYLE
404,Chictopia,LIFESTYLE
405,Etta Homes,LIFESTYLE
406,Home Scouting¬Æ MLS Mobile,LIFESTYLE
407,Housing-Real Estate & Property,LIFESTYLE
408,Bed Time Fan - White Noise Sleep Sounds,LIFESTYLE
409,7 Day Food Journal Challenge,LIFESTYLE
410,Candy Crush Saga,GAME
411,Bubble Shooter,GAME
412,Hello Kitty Nail Salon,GAME
413,Clash Royale,GAME
414,Helix Jump,GAME
415,Block Puzzle,GAME
416,Angry Birds Rio,GAME
417,Candy Crush Soda Saga,GAME
418,Clash of Clans,GAME
419,Block Puzzle Classic Legend !,GAME
420,8 Ball Pool,GAME
421,Bubble Witch 3 Saga,GAME
422,Granny,GAME
423,Angry Birds Classic,GAME
424,Flow Free,GAME
425,Fishdom,GAME
426,Galaxy Attack: Alien Shooter,GAME
427,Bubble Shooter 2,GAME
428,Barbie‚Ñ¢ Fashion Closet,GAME
429,Candy Crush Jelly Saga,GAME
430,Hill Climb Racing,GAME
431,Gardenscapes,GAME
432,Farm Heroes Saga,GAME
433,Geometry Dash World,GAME
434,Cut the Rope FULL FREE,GAME
435,Cooking Fever,GAME
436,Garena Free Fire,GAME
437,Bowmasters,GAME
438,Dream League Soccer 2018,GAME
439,Fruits Bomb,GAME
440,Hill Climb Racing 2,GAME
441,Block Craft 3D: Building Simulator Games For Free,GAME
442,Farm Fruit Pop: Party Time,GAME
443,Color by Number ‚Äì New Coloring Book,GAME
444,Extreme Car Driving Simulator,GAME
445,Bricks n Balls,GAME
446,Color Road,GAME
447,Draw In,GAME
448,Baseball Boy!,GAME
449,Episode - Choose Your Story,GAME
450,Hello Stars,GAME
451,Castle Clash: Heroes of the Empire US,GAME
452,Flip the Gun - Simulator Game,GAME
453,Harry Potter: Hogwarts Mystery,GAME
454,Grim Soul: Dark Fantasy Survival,GAME
455,DRAGON BALL LEGENDS,GAME
456,Disney Heroes: Battle Mode,GAME
457,Homescapes,GAME
458,Hero Hunters,GAME
459,Cooking Madness - A Chef's Restaurant Games,GAME
460,"Cash, Inc. Money Clicker Game & Business Adventure",GAME
461,Dino War: Rise of Beasts,GAME
462,Guns of Glory,GAME
463,Final Fantasy XV: A New Empire,GAME
464,Girls' Frontline,GAME
465,Chapters: Interactive Stories,GAME
466,Honkai Impact 3rd,GAME
467,Clue,GAME
468,Farming Simulator 18,GAME
469,Call of Duty:Black Ops Zombies,GAME
470,Angry Birds 2,GAME
471,Fallout Shelter,GAME
472,Best Fiends - Free Puzzle Game,GAME
473,Choices: Stories You Play,GAME
474,Game of Thrones: Conquest‚Ñ¢,GAME
475,FINAL FANTASY BRAVE EXVIUS,GAME
476,Fate/Grand Order (English),GAME
477,Dungeon Hunter Champions: Epic Online Action RPG,GAME
478,Doodle Jump,GAME
479,Crossy Road,GAME
480,Earn to Die 2,GAME
481,Dude Perfect 2,GAME
482,Alto's Adventure,GAME
483,DEER HUNTER 2018,GAME
484,DEAD TARGET: FPS Zombie Apocalypse Survival Games,GAME
485,Cover Fire: offline shooting games for free,GAME
486,Anger of stick 5 : zombie,GAME
487,CATS: Crash Arena Turbo Stars,GAME
488,DINO HUNTER: DEADLY SHORES,GAME
489,Extreme Match,GAME
490,Agar.io,GAME
491,Battlelands Royale,GAME
492,Arrow.io,GAME
493,BEYBLADE BURST app,GAME
494,Dragon Hills,GAME
495,Bus Rush: Subway Edition,GAME
496,DC Super Hero Girls‚Ñ¢,GAME
497,Dinosaur Simulator: Dino World,GAME
498,GUNSHIP BATTLE: Helicopter 3D,GAME
499,Bubble Shooter Genies,GAME
500,Blossom Blast Saga,GAME
501,Candy Bomb,GAME
502,Gems or jewels ?,GAME
503,Fruit Block - Puzzle Legend,GAME
504,Bubble Shooter Space,GAME
505,1LINE ‚Äì One Line with One Touch,GAME
506,Dog Run - Pet Dog Simulator,GAME
507,Coloring & Learn,FAMILY
508,Educational Games 4 Kids,FAMILY
509,Candy Pop Story,FAMILY
510,Candy Smash,FAMILY
511,Happy Fruits Bomb - Cube Blast,FAMILY
512,Baby Panda Care,FAMILY
513,Draw.ly - Color by Number Pixel Art Coloring,FAMILY
514,Baby puzzles,FAMILY
515,Garden Fruit Legend,FAMILY
516,Candy Day,FAMILY
517,ABC Kids - Tracing & Phonics,FAMILY
518,Barbie Magical Fashion,FAMILY
519,Farming Simulator 14,FAMILY
520,Educational Games for Kids,FAMILY
521,Fruit Boom,FAMILY
522,Hot Wheels: Race Off,FAMILY
523,Baby Tiger Care - My Cute Virtual Pet Friend,FAMILY
524,DisneyNOW ‚Äì TV Shows & Games,FAMILY
525,Drawing for Kids Learning Games for Toddlers age 3,FAMILY
526,Baby Panda‚Äôs Juice Shop,FAMILY
527,Dr. Panda Restaurant 3,FAMILY
528,Baby ABC in box! Kids alphabet games for toddlers!,FAMILY
529,Henry Danger Crime Warp,FAMILY
530,Fruit Cube Blast,FAMILY
531,Happy Street,FAMILY
532,Dr. Panda Town: Vacation,FAMILY
533,Fuzzy Seasons: Animal Forest,FAMILY
534,Basketball FRVR - Shoot the Hoop and Slam Dunk!,FAMILY
535,Extreme Racing 2 - Real driving RC cars game!,FAMILY
536,Cars: Lightning League,FAMILY
537,Disney Magic Kingdoms: Build Your Own Magical Park,FAMILY
538,Equestria Girls,FAMILY
539,Disney Crossy Road,FAMILY
540,Doctor Pets,FAMILY
541,Cute Pet Puppies,FAMILY
542,Frozen Free Fall,FAMILY
543,Endless Numbers,FAMILY
544,Chess Free,FAMILY
545,Dominos Game ‚úîÔ∏è,FAMILY
546,Checkers ‚úîÔ∏è,FAMILY
547,Crazy Colors: Bubbles Matching,FAMILY
548,Chess for Kids - Play & Learn,FAMILY
549,Chess School for Beginners,FAMILY
550,Chess PRO Free,FAMILY
551,All-in-One Mahjong 3 FREE,FAMILY
552,Elmo Calls by Sesame Street,FAMILY
553,DreamWorks Friends,FAMILY
554,Dr. Panda & Toto's Treehouse,FAMILY
555,Fun Kid Racing - Motocross,FAMILY
556,Barbie Life‚Ñ¢,FAMILY
557,Hello Kitty Lunchbox,FAMILY
558,COOKING MAMA Let's Cook!,FAMILY
559,Ever After High‚Ñ¢ Charmed Style,FAMILY
560,Fun Kid Racing,FAMILY
561,ABCmouse.com,FAMILY
562,Animal Jam - Play Wild!,FAMILY
563,Card Wars - Adventure Time,FAMILY
564,Essential Anatomy 3,MEDICAL
565,EMT Review Plus,MEDICAL
566,Diabetes & Diet Tracker,MEDICAL
567,Breathing Zone,MEDICAL
568,Acupuncture Assistant,MEDICAL
569,EMT Tutor NREMT-B Study Guide,MEDICAL
570,A Manual of Acupuncture,MEDICAL
571,GoodRx Drug Prices and Coupons,MEDICAL
572,FollowMyHealth¬Æ,MEDICAL
573,CareZone,MEDICAL
574,Blood Pressure,MEDICAL
575,Doctor On Demand,MEDICAL
576,BioLife Plasma Services,MEDICAL
577,Anthem Anywhere,MEDICAL
578,Blood Donor,MEDICAL
579,1800 Contacts - Lens Store,MEDICAL
580,Blood Pressure Log - MyDiary,MEDICAL
581,CVS Caremark,MEDICAL
582,Ada - Your Health Guide,MEDICAL
583,ClearCareGo Caregiver,MEDICAL
584,All Mental disorders,MEDICAL
585,DreamMapper,MEDICAL
586,Delta Dental,MEDICAL
587,Drugs.com Medication Guide,MEDICAL
588,HealtheLife,MEDICAL
589,Anatomy Learning - 3D Atlas,MEDICAL
590,Baritastic - Bariatric Tracker,MEDICAL
591,Epocrates Plus,MEDICAL
592,Banfield Pet Health Tracker,MEDICAL
593,Castlight Mobile,MEDICAL
594,Davis's Drug Guide for Nurses,MEDICAL
595,EMT-B Pocket Prep,MEDICAL
596,Diabetes:M,MEDICAL
597,HESI A2 Pocket Prep,MEDICAL
598,FP Notebook,MEDICAL
599,Davis's Drug Guide,MEDICAL
600,Deep Sleep and Relax Hypnosis,MEDICAL
601,GlassesOff,MEDICAL
602,Free Hypnosis,MEDICAL
603,Dosecast - Medication Reminder,MEDICAL
604,Anthem BC Anywhere,MEDICAL
605,Blue CareOnDemand,MEDICAL
606,High Blood Pressure Symptoms,MEDICAL
607,Blood Pressure(BP) Diary,MEDICAL
608,Airway Ex - Intubate. Anesthetize. Train.,MEDICAL
609,BELONG Beating Cancer Together,MEDICAL
610,ConnectLine,MEDICAL
611,Facebook,SOCIAL
612,Facebook Lite,SOCIAL
613,All Social Networks,SOCIAL
614,Google+,SOCIAL
615,"Free Messages, Video, Chat,Text for Messenger Plus",SOCIAL
616,"Hide Something - Photo, Video",SOCIAL
617,Amino: Communities and Chats,SOCIAL
618,Facebook Local,SOCIAL
619,HTC Social Plugin - Facebook,SOCIAL
620,Family GPS tracker KidControl + GPS by SMS Locator,SOCIAL
621,Badoo - Free Chat & Dating App,SOCIAL
622,"Free phone calls, free texting SMS on free number",SOCIAL
623,Blogger,SOCIAL
624,Bloglovin',SOCIAL
625,Blogaway for Android (Blogger),SOCIAL
626,Banjo,SOCIAL
627,Frontback - Social Photos,SOCIAL
628,Couple - Relationship App,SOCIAL
629,"Dating App, Flirt & Chat : W-Match",SOCIAL
630,Amazon for Tablets,SHOPPING
631,"AliExpress - Smarter Shopping, Better Living",SHOPPING
632,Amazon Shopping,SHOPPING
633,Flipp - Weekly Shopping,SHOPPING
634,GS SHOP,SHOPPING
635,Family Dollar,SHOPPING
636,"Carousell: Snap-Sell, Chat-Buy",SHOPPING
637,"Club Factory Everything, Unbeaten Price",SHOPPING
638,11st,SHOPPING
639,Flipkart Online Shopping App,SHOPPING
640,Chilindo,SHOPPING
641,CheckPoints üèÜ Rewards App,SHOPPING
642,Extreme Coupon Finder,SHOPPING
643,Checkout 51: Grocery coupons,SHOPPING
644,Coupon Sherpa,SHOPPING
645,Gyft - Mobile Gift Card Wallet,SHOPPING
646,"Groupon - Shop Deals, Discounts & Coupons",SHOPPING
647,Blidz - Hunt Free Deals On Trending Items!,SHOPPING
648,Coupons.com ‚Äì Grocery Coupons & Cash Back Savings,SHOPPING
649,"Ebates: Cash Back, Coupons, Rewards & Savings",SHOPPING
650,FidMe Loyalty Cards & Deals at Grocery Supermarket,SHOPPING
651,HauteLook,SHOPPING
652,Fancy,SHOPPING
653,Best Buy,SHOPPING
654,Etsy: Handmade & Vintage Goods,SHOPPING
655,ASOS,SHOPPING
656,Find&Save - Local Shopping,SHOPPING
657,Boxed Wholesale,SHOPPING
658,FreePrints ‚Äì Free Photos Delivered,PHOTOGRAPHY
659,Groovebook Photo Books & Gifts,PHOTOGRAPHY
660,Google Photos,PHOTOGRAPHY
661,HD Camera - Best Cam with filters & panorama,PHOTOGRAPHY
662,"Face Filter, Selfie Editor - Sweet Camera",PHOTOGRAPHY
663,Adobe Photoshop Express:Photo Editor Collage Maker,PHOTOGRAPHY
664,HD Camera - Quick Snap Photo & Video,PHOTOGRAPHY
665,B612 - Beauty & Filter Camera,PHOTOGRAPHY
666,HD Camera,PHOTOGRAPHY
667,Garden Photo Frames - Garden Photo Editor,PHOTOGRAPHY
668,Camera360 Lite - Selfie Camera,PHOTOGRAPHY
669,BeautyPlus - Easy Photo Editor & Selfie Camera,PHOTOGRAPHY
670,ASUS Gallery,PHOTOGRAPHY
671,DSLR Camera Hd Ultra Professional,PHOTOGRAPHY
672,"Candy selfie - photo editor, live filter camera",PHOTOGRAPHY
673,Beauty Makeup ‚Äì Photo Makeover,PHOTOGRAPHY
674,Blur Image Background Editor (Blur Photo Editor),PHOTOGRAPHY
675,Flickr,PHOTOGRAPHY
676,Camera for Android,PHOTOGRAPHY
677,"Cymera Camera- Photo Editor, Filter,Collage,Layout",PHOTOGRAPHY
678,"Candy Camera - selfie, beauty camera, photo editor",PHOTOGRAPHY
679,Camera51 - a smarter camera,PHOTOGRAPHY
680,Camera360: Selfie Photo Editor with Funny Sticker,PHOTOGRAPHY
681,Blur Image Background,PHOTOGRAPHY
682,Camera FV-5 Lite,PHOTOGRAPHY
683,HD Camera Ultra,PHOTOGRAPHY
684,Cameringo Lite. Filters Camera,PHOTOGRAPHY
685,Camera ZOOM FX - FREE,PHOTOGRAPHY
686,HD Camera Pro for Android,PHOTOGRAPHY
687,HD Camera for Android,PHOTOGRAPHY
688,GoPro (formerly Capture),PHOTOGRAPHY
689,Beauty Makeup Snappy Collage Photo Editor - Lidow,PHOTOGRAPHY
690,"High-Speed Camera (GIF,Burst)",PHOTOGRAPHY
691,Camera MX - Free Photo & Video Camera,PHOTOGRAPHY
692,EyeEm - Camera & Photo Filter,PHOTOGRAPHY
693,Camera FV-5,PHOTOGRAPHY
694,FilterGrid - Cam&Photo Editor,PHOTOGRAPHY
695,Color Touch Effects,PHOTOGRAPHY
696,Fotor Photo Editor - Photo Collage & Photo Effects,PHOTOGRAPHY
697,Font Studio- Photo Texts Image,PHOTOGRAPHY
698,Add Text To Photo,PHOTOGRAPHY
699,Collage&Add Stickers papelook,PHOTOGRAPHY
700,ESPN,SPORTS
701,Free Sports TV,SPORTS
702,"FIFA - Tournaments, Soccer News & Live Scores",SPORTS
703,Futbol24,SPORTS
704,Football Live Scores,SPORTS
705,BeSoccer - Soccer Live Score,SPORTS
706,FotMob - Live Soccer Scores,SPORTS
707,"CBS Sports App - Scores, News, Stats & Watch Live",SPORTS
708,BBC Sport,SPORTS
709,All Football - Latest News & Videos,SPORTS
710,Eurosport,SPORTS
711,ESPN Fantasy Sports,SPORTS
712,"All Football GO- Live Score, Games",SPORTS
713,Championat,SPORTS
714,"Bleacher Report: sports news, scores, & highlights",SPORTS
715,Goal Live Scores,SPORTS
716,"Hole19: Golf GPS App, Rangefinder & Scorecard",SPORTS
717,CBS Sports Fantasy,SPORTS
718,Golf Channel,SPORTS
719,"GolfNow: Tee Time Deals at Golf Courses, Golf GPS",SPORTS
720,Golf GPS by SwingxSwing,SPORTS
721,Golfshot: Golf GPS + Tee Times,SPORTS
722,Golf GPS Rangefinder: Golf Pad,SPORTS
723,GolfLogix GPS + Putt Breaks,SPORTS
724,Golfshot Plus: Golf GPS,SPORTS
725,FanDuel: Daily Fantasy Sports,SPORTS
726,DraftKings - Daily Fantasy Sports,SPORTS
727,Fantasy Football Manager (FPL),SPORTS
728,Fantasy Football,SPORTS
729,"FOX Sports: Live Streaming, Scores & News",SPORTS
730,850 Sports News Digest,SPORTS
731,365Scores - Live Scores,SPORTS
732,Cricbuzz - Live Cricket Scores & News,SPORTS
733,Fantasy Football & NFL News,SPORTS
734,"Expedia Hotels, Flights & Car Rental Travel Deals",TRAVEL_AND_LOCAL
735,Hopper - Watch & Book Flights,TRAVEL_AND_LOCAL
736,CityMaps2Go Plan Trips Travel Guide Offline Maps,TRAVEL_AND_LOCAL
737,Hotels.com: Book Hotel Rooms & Find Vacation Deals,TRAVEL_AND_LOCAL
738,Booking.com Travel Deals,TRAVEL_AND_LOCAL
739,Hostelworld: Hostels & Cheap Hotels Travel App,TRAVEL_AND_LOCAL
740,Google Trips - Travel Planner,TRAVEL_AND_LOCAL
741,Airbnb,TRAVEL_AND_LOCAL
742,GPS Map Free,TRAVEL_AND_LOCAL
743,Google Earth,TRAVEL_AND_LOCAL
744,GasBuddy: Find Cheap Gas,TRAVEL_AND_LOCAL
745,"AT&T Navigator: Maps, Traffic",TRAVEL_AND_LOCAL
746,Google Street View,TRAVEL_AND_LOCAL
747,AirAsia,TRAVEL_AND_LOCAL
748,Goibibo - Flight Hotel Bus Car IRCTC Booking App,TRAVEL_AND_LOCAL
749,Allegiant,TRAVEL_AND_LOCAL
750,Amtrak,TRAVEL_AND_LOCAL
751,Flight & Hotel Booking App - ixigo,TRAVEL_AND_LOCAL
752,"HSL - Tickets, route planner and information",TRAVEL_AND_LOCAL
753,Foursquare Swarm: Check In,TRAVEL_AND_LOCAL
754,Flightradar24 Flight Tracker,TRAVEL_AND_LOCAL
755,Fly Delta,TRAVEL_AND_LOCAL
756,2GIS: directory & navigator,TRAVEL_AND_LOCAL
757,American Airlines,TRAVEL_AND_LOCAL
758,Find Dining Restaurant Finder,TRAVEL_AND_LOCAL
759,Hipmunk Hotels & Flights,TRAVEL_AND_LOCAL
760,CWT To Go,TRAVEL_AND_LOCAL
761,British Airways,TRAVEL_AND_LOCAL
762,Cheap Flights & Hotels momondo,TRAVEL_AND_LOCAL
763,"CheapTickets ‚Äì Hotels, Flights & Travel Deals",TRAVEL_AND_LOCAL
764,Flights,TRAVEL_AND_LOCAL
765,Cheapflights ‚Äì Flight Search,TRAVEL_AND_LOCAL
766,Choice Hotels,TRAVEL_AND_LOCAL
767,Couchsurfing Travel App,TRAVEL_AND_LOCAL
768,Hotwire Hotel & Car Rental App,TRAVEL_AND_LOCAL
769,HOTEL DEALS,TRAVEL_AND_LOCAL
770,HomeAway Vacation Rentals,TRAVEL_AND_LOCAL
771,HotelTonight: Book amazing deals at great hotels,TRAVEL_AND_LOCAL
772,Hotels Combined - Cheap deals,TRAVEL_AND_LOCAL
773,Agoda ‚Äì Hotel Booking Deals,TRAVEL_AND_LOCAL
774,Ascape VR: 360¬∞ Virtual Travel,TRAVEL_AND_LOCAL
775,Cheap hotel deals and discounts ‚Äî Hotellook,TRAVEL_AND_LOCAL
776,GPS Status & Toolbox,TRAVEL_AND_LOCAL
777,Airport + Flight Tracker Radar,TRAVEL_AND_LOCAL
778,Geo Tracker - GPS tracker,TRAVEL_AND_LOCAL
779,DreamTrips,TRAVEL_AND_LOCAL
780,Google,TOOLS
781,Google Translate,TOOLS
782,Cache Cleaner-DU Speed Booster (booster & cleaner),TOOLS
783,Device Help,TOOLS
784,Account Manager,TOOLS
785,File Manager,TOOLS
786,"Calculator - free calculator, multi calculator app",TOOLS
787,ASUS Sound Recorder,TOOLS
788,"Calculator - free calculator ,multi calculator app",TOOLS
789,Files Go by Google: Free up space on your phone,TOOLS
790,File Manager -- Take Command of Your Files Easily,TOOLS
791,HTC Lock Screen,TOOLS
792,Gboard - the Google Keyboard,TOOLS
793,AT&T Smart Wi-Fi,TOOLS
794,HTC Sense Input,TOOLS
795,App vault,TOOLS
796,Google Assistant Go,TOOLS
797,DuraSpeed,TOOLS
798,HTC Sense Input-AR,TOOLS
799,Digital Alarm Clock,TOOLS
800,Alarm Clock Free,TOOLS
801,Alarm Clock,TOOLS
802,High-Powered Flashlight,TOOLS
803,Brightest Flashlight - LED Light,TOOLS
804,Flashlight & LED Torch,TOOLS
805,Color Flashlight,TOOLS
806,Flashlight,TOOLS
807,"CM Flashlight (Compass, SOS)",TOOLS
808,Flashlight HD LED,TOOLS
809,Flashlight - Torch LED Light,TOOLS
810,Brightest LED Flashlight,TOOLS
811,Brightest Flashlight Free ¬Æ,TOOLS
812,Fraction Calculator Plus Free,TOOLS
813,Calculator Plus Free,TOOLS
814,CALCU‚Ñ¢ Stylish Calculator Free,TOOLS
815,Calculator with Percent (Free),TOOLS
816,Graphing Calculator,TOOLS
817,Calculator ++,TOOLS
818,ConvertPad - Unit Converter,TOOLS
819,Classic Calculator,TOOLS
820,Age Calculator,TOOLS
821,EzCalculator,TOOLS
822,Hideman VPN,TOOLS
823,Fast Secure VPN,TOOLS
824,Free & Premium VPN - FinchVPN,TOOLS
825,Hotspot Shield Free VPN Proxy & Wi-Fi Security,TOOLS
826,FREEDOME VPN Unlimited anonymous Wifi Security,TOOLS
827,"Emoji keyboard - Cute Emoticons, GIF, Stickers",TOOLS
828,"GO Keyboard - Cute Emojis, Themes and GIFs",TOOLS
829,Google Handwriting Input,TOOLS
830,CM Locker - Security Lockscreen,TOOLS
831,AppLock - Fingerprint,TOOLS
832,Funny Ringtones,PERSONALIZATION
833,3D Live Neon Weed Launcher,PERSONALIZATION
834,Evie Launcher,PERSONALIZATION
835,Golden Launcher,PERSONALIZATION
836,"CM Launcher 3D - Theme, Wallpapers, Efficient",PERSONALIZATION
837,4K Wallpapers and Ultra HD Backgrounds,PERSONALIZATION
838,Birds Sounds Ringtones & Wallpapers,PERSONALIZATION
839,Funny Alarm Clock Ringtones,PERSONALIZATION
840,"Color Call - Caller Screen, LED Flash",PERSONALIZATION
841,Diamond Zipper Lock Screen,PERSONALIZATION
842,"Emoji Keyboard - Cute Emoji,GIF, Sticker, Emoticon",PERSONALIZATION
843,3D Blue Glass Water Keyboard Theme,PERSONALIZATION
844,Backgrounds (HD Wallpapers),PERSONALIZATION
845,"APUS Launcher - Theme, Wallpaper, Hide Apps",PERSONALIZATION
846,Apex Launcher,PERSONALIZATION
847,Goku Wallpaper Art,PERSONALIZATION
848,Door Lock Screen,PERSONALIZATION
849,Cute wallpapers & kawaii backgrounds images,PERSONALIZATION
850,ASUS Cover for ZenFone 2,PERSONALIZATION
851,"Hola Launcher- Theme,Wallpaper",PERSONALIZATION
852,Colorful Glitter Neon Butterfly Keyboard Theme,PERSONALIZATION
853,"FUN Keyboard ‚Äì Emoji Keyboard, Sticker,Theme & GIF",PERSONALIZATION
854,Freeme Launcher‚ÄîStylish Theme,PERSONALIZATION
855,Beautiful Widgets Pro,PERSONALIZATION
856,Beautiful Widgets Free,PERSONALIZATION
857,HD Widgets,PERSONALIZATION
858,DashClock Widget,PERSONALIZATION
859,Fancy Widgets,PERSONALIZATION
860,Best Wallpapers QHD,PERSONALIZATION
861,Dog Licks Screen Wallpaper,PERSONALIZATION
862,Galaxy Live Wallpaper,PERSONALIZATION
863,Flowers Live Wallpaper,PERSONALIZATION
864,Galactic Core Free Wallpaper,PERSONALIZATION
865,Asteroids 3D live wallpaper,PERSONALIZATION
866,Backgrounds HD (Wallpapers),PERSONALIZATION
867,Butterfly Live Wallpaper,PERSONALIZATION
868,Horses Live Wallpaper,PERSONALIZATION
869,Glowing Flowers Live Wallpaper,PERSONALIZATION
870,Dolphins Live Wallpaper,PERSONALIZATION
871,Buzz Launcher-Smart&Free Theme,PERSONALIZATION
872,ADW Launcher 2,PERSONALIZATION
873,BIG Launcher,PERSONALIZATION
874,"GO Keyboard - Emoticon keyboard, Free Theme, GIF",PERSONALIZATION
875,2018Emoji Keyboard üòÇ Emoticons Lite -sticker&gif,PERSONALIZATION
876,"All-In-One Toolbox: Cleaner, Booster, App Manager",PRODUCTIVITY
877,Adobe Acrobat Reader,PRODUCTIVITY
878,"AVG Cleaner ‚Äì Speed, Battery & Memory Booster",PRODUCTIVITY
879,Google Drive,PRODUCTIVITY
880,Chrome Beta,PRODUCTIVITY
881,Google PDF Viewer,PRODUCTIVITY
882,Google Assistant,PRODUCTIVITY
883,Calculator - unit converter,PRODUCTIVITY
884,Google Keep,PRODUCTIVITY
885,Archos File Manager,PRODUCTIVITY
886,ES File Explorer File Manager,PRODUCTIVITY
887,ASUS SuperNote,PRODUCTIVITY
888,HTC File Manager,PRODUCTIVITY
889,Dropbox,PRODUCTIVITY
890,ASUS Quick Memo,PRODUCTIVITY
891,HTC Calendar,PRODUCTIVITY
892,Google Calendar,PRODUCTIVITY
893,Google Docs,PRODUCTIVITY
894,ASUS Calling Screen,PRODUCTIVITY
895,Content Transfer,PRODUCTIVITY
896,"Evernote ‚Äì Organizer, Planner for Notes & Memos",PRODUCTIVITY
897,HTC Mail,PRODUCTIVITY
898,Advanced Task Killer,PRODUCTIVITY
899,Do It Later: Tasks & To-Dos,PRODUCTIVITY
900,Hacker's Keyboard,PRODUCTIVITY
901,7 Weeks - Habit & Goal Tracker,PRODUCTIVITY
902,Cozi Family Organizer,PRODUCTIVITY
903,"Any.do: To-do list, Calendar, Reminders & Planner",PRODUCTIVITY
904,Easy Voice Recorder,PRODUCTIVITY
905,Dashlane Free Password Manager,PRODUCTIVITY
906,CM FILE MANAGER HD,PRODUCTIVITY
907,File Browser by Astro (File Manager),PRODUCTIVITY
908,File Explorer,PRODUCTIVITY
909,AndroZip‚Ñ¢ FREE File Manager,PRODUCTIVITY
910,Google Sheets,PRODUCTIVITY
911,Google Slides,PRODUCTIVITY
912,ColorNote Notepad Notes,PRODUCTIVITY
913,Calendar+ Schedule Planner App,PRODUCTIVITY
914,Calendar Widget Month + Agenda,PRODUCTIVITY
915,DigiCal Calendar Agenda,PRODUCTIVITY
916,Business Calendar 2,PRODUCTIVITY
917,G Cloud Backup,PRODUCTIVITY
918,Amazon Drive,PRODUCTIVITY
919,Cloud Print,PRODUCTIVITY
920,Baby Panda Learns Shapes,PARENTING
921,Baby Sleep: White noise lullabies for newborns,PARENTING
922,Family Album Mitene: Private Photo & Video Sharing,PARENTING
923,Family GPS Tracker and Chat + Baby Monitor Online,PARENTING
924,Baby Name Together,PARENTING
925,"Amazon FreeTime ‚Äì Kids‚Äô Videos, Books, & TV shows",PARENTING
926,Classical music for baby,PARENTING
927,Baby Panda Musical Genius,PARENTING
928,Baby Monitor,PARENTING
929,Daniel Tiger for Parents,PARENTING
930,Feed Baby - Baby Tracker,PARENTING
931,AccuWeather: Daily Forecast & Live Weather Reports,WEATHER
932,Free live weather on screen,WEATHER
933,APE Weather ( Live Forecast),WEATHER
934,"GO Weather - Widget, Theme, Wallpaper, Efficient",WEATHER
935,HTC Weather,WEATHER
936,ForecaWeather,WEATHER
937,All Video Downloader 2018,VIDEO_PLAYERS
938,HD Video Player,VIDEO_PLAYERS
939,HD Movie Video Player,VIDEO_PLAYERS
940,Google Play Movies & TV,VIDEO_PLAYERS
941,HTC Service Ôºç DLNA,VIDEO_PLAYERS
942,HTC Service‚ÄîVideo Player,VIDEO_PLAYERS
943,Droid Zap by Motorola,VIDEO_PLAYERS
944,HTC Gallery,VIDEO_PLAYERS
945,Cartoon Network App,VIDEO_PLAYERS
946,BluTV,VIDEO_PLAYERS
947,"Fox News ‚Äì Breaking News, Live Video & News Alerts",NEWS_AND_MAGAZINES
948,BBC News,NEWS_AND_MAGAZINES
949,"Free TV Shows App:News, TV Series, Episode, Movies",NEWS_AND_MAGAZINES
950,CNN Breaking US & World News,NEWS_AND_MAGAZINES
951,"Dailyhunt (Newshunt) - Latest News, Viral Videos",NEWS_AND_MAGAZINES
952,ARY NEWS URDU,NEWS_AND_MAGAZINES
953,Google News,NEWS_AND_MAGAZINES
954,"Breaking News, Local news, Attacks and Alerts Free",NEWS_AND_MAGAZINES
955,ARY NEWS,NEWS_AND_MAGAZINES
956,Daily Mail Online,NEWS_AND_MAGAZINES
957,Flipboard: News For Our Time,NEWS_AND_MAGAZINES
958,BeyondPod Podcast Manager,NEWS_AND_MAGAZINES
959,"BuzzFeed: News, Tasty, Quizzes",NEWS_AND_MAGAZINES
960,Fast News,NEWS_AND_MAGAZINES
961,Chicago Tribune,NEWS_AND_MAGAZINES
962,Financial Times,NEWS_AND_MAGAZINES
963,Digg,NEWS_AND_MAGAZINES
964,Bloomberg: Market & Financial News,NEWS_AND_MAGAZINES
965,Haystack TV: Local & World News - Free,NEWS_AND_MAGAZINES
966,ABC News - US & World News,NEWS_AND_MAGAZINES
967,AP Mobile - Breaking News,NEWS_AND_MAGAZINES
968,AC - Tips & News for Android‚Ñ¢,NEWS_AND_MAGAZINES
969,CBS News,NEWS_AND_MAGAZINES
970,"AOL - News, Mail & Video",NEWS_AND_MAGAZINES
971,BaconReader for Reddit,NEWS_AND_MAGAZINES
972,GPS Navigation & Offline Maps Sygic,MAPS_AND_NAVIGATION
973,Air Traffic,MAPS_AND_NAVIGATION
974,Atlan3D Navigation: Korea navigator,MAPS_AND_NAVIGATION
975,Compass,MAPS_AND_NAVIGATION
976,Czech Public Transport IDOS,MAPS_AND_NAVIGATION
977,GPS Speedometer and Odometer,MAPS_AND_NAVIGATION
978,GPS Traffic Speedcam Route Planner by ViaMichelin,MAPS_AND_NAVIGATION
979,"GPS Speedometer, Distance Meter",MAPS_AND_NAVIGATION
980,Blitzer.de,MAPS_AND_NAVIGATION
981,GPS Speedometer - Trip Meter - Altimeter,MAPS_AND_NAVIGATION
982,FindShip,MAPS_AND_NAVIGATION
983,A Call From Santa Claus!,FAMILY
984,A Word A Day,FAMILY
985,Akinator,FAMILY
986,Dog Sim Online: Raise a Family,FAMILY
987,Color by Number - Draw Sandbox Pixel Art,FAMILY
988,A+ Mobile,FINANCE
989,Build a Bridge!,FAMILY
990,Find a Way: Addictive Puzzle,FAMILY
991,CompTIA A+ Pocket Prep,FAMILY
992,Comptia A+ 220-901 & 220-902,FAMILY
993,Create A Superhero HD,FAMILY
994,Azar,COMMUNICATION
995,4 in a Row,GAME
996,CompTIA Exam Training,FAMILY
997,Glow Hockey,GAME
998,Asphalt 8: Airborne,GAME
999,Basketball Stars,SPORTS
1000,Fake Call - Fake Caller ID,PRODUCTIVITY
1001,Four In A Line Free,GAME
1002,AutoCAD - DWG Viewer & Editor,PRODUCTIVITY
1003,Dragon Sim Online: Be A Dragon,FAMILY
1004,Fortune City - A Finance App,FINANCE
1005,Draw A Stickman,GAME
1006,Be A Legend: Soccer,SPORTS
1007,Bible,BOOKS_AND_REFERENCE
1008,Cat Sim Online: Play with Cats,FAMILY
1009,Four In A Line,GAME
1010,Hay Day,FAMILY
1011,Fruit Ninja¬Æ,GAME
1012,"DU Recorder ‚Äì Screen Recorder, Video Editor, Live",VIDEO_PLAYERS
1013,Bad Piggies,FAMILY
1014,Dumb Ways to Die 2: The Games,FAMILY
1015,"AD - Nieuws, Sport, Regio & Entertainment",NEWS_AND_MAGAZINES
1016,AppLock,TOOLS
1017,Diary with lock password,LIFESTYLE
1018,Avakin Life - 3D virtual world,FAMILY
1019,A+ Gallery - Photos & Videos,PHOTOGRAPHY
